{"current":{"colors_solid_button_labels":"#2e392a","colors_accent_1":"#63fd21","gradient_accent_1":"","colors_accent_2":"#5E3653","gradient_accent_2":"linear-gradient(320deg, rgba(255, 0, 194, 1), rgba(94, 54, 83, 1) 100%)","colors_text":"#2E2A39","colors_outline_button_labels":"#86106a","colors_background_1":"#ffffff","gradient_background_1":"radial-gradient(rgba(255, 255, 255, 1), rgba(241, 235, 226, 1) 100%)","colors_background_2":"#EDFFA7","gradient_background_2":"radial-gradient(rgba(183, 117, 255, 1), rgba(143, 202, 250, 1) 36%, rgba(49, 188, 163, 1) 97%)","type_header_font":"harmonia_sans_n6","heading_scale":100,"type_body_font":"harmonia_sans_n4","body_scale":100,"page_width":1600,"spacing_sections":36,"spacing_grid_horizontal":40,"spacing_grid_vertical":40,"buttons_border_thickness":4,"buttons_border_opacity":45,"buttons_radius":18,"buttons_shadow_opacity":25,"buttons_shadow_horizontal_offset":-6,"buttons_shadow_vertical_offset":-6,"buttons_shadow_blur":5,"variant_pills_border_thickness":0,"variant_pills_border_opacity":10,"variant_pills_radius":10,"variant_pills_shadow_opacity":0,"variant_pills_shadow_horizontal_offset":0,"variant_pills_shadow_vertical_offset":4,"variant_pills_shadow_blur":5,"inputs_border_thickness":1,"inputs_border_opacity":55,"inputs_radius":10,"inputs_shadow_opacity":0,"inputs_shadow_horizontal_offset":0,"inputs_shadow_vertical_offset":4,"inputs_shadow_blur":5,"card_style":"card","card_image_padding":0,"card_text_alignment":"center","card_color_scheme":"background-1","card_border_thickness":0,"card_border_opacity":10,"card_corner_radius":12,"card_shadow_opacity":5,"card_shadow_horizontal_offset":10,"card_shadow_vertical_offset":10,"card_shadow_blur":35,"text_boxes_border_thickness":0,"text_boxes_border_opacity":10,"text_boxes_radius":24,"text_boxes_shadow_opacity":0,"text_boxes_shadow_horizontal_offset":10,"text_boxes_shadow_vertical_offset":12,"text_boxes_shadow_blur":20,"media_border_thickness":0,"media_border_opacity":10,"media_radius":12,"media_shadow_opacity":10,"media_shadow_horizontal_offset":10,"media_shadow_vertical_offset":12,"media_shadow_blur":20,"popup_border_thickness":1,"popup_border_opacity":10,"popup_corner_radius":22,"popup_shadow_opacity":10,"popup_shadow_horizontal_offset":10,"popup_shadow_vertical_offset":12,"popup_shadow_blur":20,"drawer_border_thickness":1,"drawer_border_opacity":10,"drawer_shadow_opacity":0,"drawer_shadow_horizontal_offset":0,"drawer_shadow_vertical_offset":4,"drawer_shadow_blur":5,"badge_position":"bottom left","badge_corner_radius":20,"sale_badge_color_scheme":"accent-2","sold_out_badge_color_scheme":"inverse","accent_icons":"text","social_twitter_link":"","social_facebook_link":"","social_pinterest_link":"","social_instagram_link":"","social_tiktok_link":"","social_tumblr_link":"","social_snapchat_link":"","social_youtube_link":"","social_vimeo_link":"","predictive_search_enabled":true,"predictive_search_show_vendor":false,"predictive_search_show_price":true,"currency_code_enabled":true,"sections":{"announcement-bar":{"type":"announcement-bar","blocks":{"announcement-bar-0":{"type":"announcement","settings":{"text":"Livraison Offerte en France","color_scheme":"background-2","link":""}},"5cf22b9a-6d45-44e5-a5b9-1f7bd1f46358":{"type":"announcement","disabled":true,"settings":{"text":"Annonce 2","color_scheme":"accent-1","link":""}}},"block_order":["announcement-bar-0","5cf22b9a-6d45-44e5-a5b9-1f7bd1f46358"],"settings":{}},"header":{"type":"header","settings":{"color_scheme":"background-1","logo":"shopify:\/\/shop_images\/1e6069297d374ef1b9723c6418df016f.png","logo_width":160,"logo_position":"top-center","menu":"main-menu","menu_type_desktop":"mega","show_line_separator":true,"enable_sticky_header":true,"margin_bottom":20}},"footer":{"type":"footer","blocks":{"linklist":{"type":"link_list","settings":{"heading":"Menu","menu":"footer"}},"text-0":{"type":"text","settings":{"heading":"NOTRE MISSION","subtext":"<p>Vous faire découvrir de <strong>nouveaux produits de qualité <\/strong>chaque jour pour mieux assouvir <strong>votre passion<\/strong>.<\/p>"}},"image":{"type":"image","settings":{"image":"shopify:\/\/shop_images\/logo_yago_malin-removebg-preview.png","image_width":200,"alignment":"center"}},"text-1":{"type":"text","disabled":true,"settings":{"heading":"Our Promise","subtext":"<p>Share contact information, store details, and brand content with your customers.<\/p>"}},"303baacc-4d0b-49a5-9ed2-18c61d75d087":{"type":"link_list","disabled":true,"settings":{"heading":"Quick links","menu":"footer"}}},"block_order":["linklist","text-0","image","text-1","303baacc-4d0b-49a5-9ed2-18c61d75d087"],"settings":{"color_scheme":"background-2","newsletter_enable":false,"newsletter_heading":"REJOIGNEZ NOTRE LISTE VIP (-10%)","show_social":true,"enable_country_selector":false,"enable_language_selector":false,"payment_enable":true,"margin_top":0,"padding_top":16,"padding_bottom":48}},"main-password-header":{"type":"main-password-header","settings":{"logo_max_width":100,"color_scheme":"background-1"}},"main-password-footer":{"type":"main-password-footer","settings":{"color_scheme":"background-1"}}},"content_for_index":[]},"presets":{"Default":{"colors_solid_button_labels":"#FDFBF7","colors_accent_1":"#9B046F","gradient_accent_1":"","colors_accent_2":"#5E3653","gradient_accent_2":"linear-gradient(320deg, rgba(134, 16, 106, 1), rgba(94, 54, 83, 1) 100%)","colors_text":"#2E2A39","colors_outline_button_labels":"#2E2A39","colors_background_1":"#FDFBF7","gradient_background_1":"linear-gradient(180deg, rgba(240, 244, 236, 1), rgba(241, 235, 226, 1) 100%)","colors_background_2":"#EDFFA7","gradient_background_2":"radial-gradient(rgba(255, 229, 229, 1), rgba(255, 224, 218, 1) 25%, rgba(215, 255, 137, 1) 100%)","type_header_font":"harmonia_sans_n6","heading_scale":130,"type_body_font":"harmonia_sans_n4","body_scale":100,"page_width":1200,"spacing_sections":36,"spacing_grid_horizontal":40,"spacing_grid_vertical":40,"buttons_border_thickness":1,"buttons_border_opacity":55,"buttons_radius":10,"buttons_shadow_opacity":0,"buttons_shadow_horizontal_offset":0,"buttons_shadow_vertical_offset":4,"buttons_shadow_blur":5,"variant_pills_border_thickness":0,"variant_pills_border_opacity":10,"variant_pills_radius":10,"variant_pills_shadow_opacity":0,"variant_pills_shadow_horizontal_offset":0,"variant_pills_shadow_vertical_offset":4,"variant_pills_shadow_blur":5,"inputs_border_thickness":1,"inputs_border_opacity":55,"inputs_radius":10,"inputs_shadow_opacity":0,"inputs_shadow_horizontal_offset":0,"inputs_shadow_vertical_offset":4,"inputs_shadow_blur":5,"card_style":"card","card_image_padding":0,"card_text_alignment":"center","card_color_scheme":"background-1","card_border_thickness":0,"card_border_opacity":10,"card_corner_radius":12,"card_shadow_opacity":5,"card_shadow_horizontal_offset":10,"card_shadow_vertical_offset":10,"card_shadow_blur":35,"text_boxes_border_thickness":0,"text_boxes_border_opacity":10,"text_boxes_radius":24,"text_boxes_shadow_opacity":0,"text_boxes_shadow_horizontal_offset":10,"text_boxes_shadow_vertical_offset":12,"text_boxes_shadow_blur":20,"media_border_thickness":0,"media_border_opacity":10,"media_radius":12,"media_shadow_opacity":10,"media_shadow_horizontal_offset":10,"media_shadow_vertical_offset":12,"media_shadow_blur":20,"popup_border_thickness":1,"popup_border_opacity":10,"popup_corner_radius":22,"popup_shadow_opacity":10,"popup_shadow_horizontal_offset":10,"popup_shadow_vertical_offset":12,"popup_shadow_blur":20,"drawer_border_thickness":1,"drawer_border_opacity":10,"drawer_shadow_opacity":0,"drawer_shadow_horizontal_offset":0,"drawer_shadow_vertical_offset":4,"drawer_shadow_blur":5,"badge_position":"bottom left","badge_corner_radius":20,"sale_badge_color_scheme":"accent-2","sold_out_badge_color_scheme":"inverse","accent_icons":"text","social_twitter_link":"","social_facebook_link":"","social_pinterest_link":"","social_instagram_link":"","social_tiktok_link":"","social_tumblr_link":"","social_snapchat_link":"","social_youtube_link":"","social_vimeo_link":"","predictive_search_enabled":true,"predictive_search_show_vendor":false,"predictive_search_show_price":true,"currency_code_enabled":true,"sections":{"announcement-bar":{"type":"announcement-bar","blocks":{"announcement-bar-0":{"type":"announcement","settings":{"text":"Welcome to our store","color_scheme":"background-2","link":""}}},"block_order":["announcement-bar-0"],"settings":{}},"header":{"type":"header","settings":{"color_scheme":"background-1","logo_width":70,"logo_position":"top-center","menu":"main-menu","show_line_separator":false,"enable_sticky_header":true,"margin_bottom":24}},"footer":{"type":"footer","blocks":{"linklist":{"type":"link_list","settings":{"heading":"Menu","menu":"footer"}},"text-0":{"type":"text","settings":{"heading":"Our Store","subtext":"<p>Share contact information, store details, and brand content with your customers.<\/p>"}},"image":{"type":"image","settings":{"image_width":200,"alignment":"center"}},"text-1":{"type":"text","settings":{"heading":"Our Promise","subtext":"<p>Share contact information, store details, and brand content with your customers.<\/p>"}}},"block_order":["linklist","text-0","image","text-1"],"settings":{"color_scheme":"background-2","newsletter_enable":false,"newsletter_heading":"Subscribe to our emails","show_social":true,"enable_country_selector":false,"enable_language_selector":false,"payment_enable":false,"margin_top":0,"padding_top":16,"padding_bottom":48}},"main-password-header":{"type":"main-password-header","settings":{"logo_max_width":100,"color_scheme":"background-1"}},"main-password-footer":{"type":"main-password-footer","settings":{"color_scheme":"background-1"}}}}}}