{"sections":{"main-collection-banner":{"type":"main-collection-banner","settings":{"show_collection_description":true,"show_collection_image":true,"color_scheme":"background-1"}},"main-collection-product-grid":{"type":"main-collection-product-grid","settings":{"products_per_page":20,"columns_desktop":4,"image_ratio":"adapt","show_secondary_image":true,"show_vendor":false,"show_rating":false,"enable_quick_add":false,"enable_filtering":true,"filter_type":"horizontal","enable_sorting":true,"columns_mobile":"2","padding_top":0,"padding_bottom":0}},"newsletter":{"type":"newsletter","blocks":{"heading":{"type":"heading","settings":{"heading":"Rejoignez notre Liste VIP","heading_size":"h1"}},"paragraph":{"type":"paragraph","settings":{"text":"<p>Rejoignez notre liste VIP et recevez des offres exclusives et les dernières nouvelles.<\/p>"}},"email-form":{"type":"email_form","settings":{}}},"block_order":["heading","paragraph","email-form"],"settings":{"color_scheme":"background-2","full_width":true,"padding_top":68,"padding_bottom":52}}},"order":["main-collection-banner","main-collection-product-grid","newsletter"]}