{"sections":{"image-with-text":{"type":"image-with-text","blocks":{"heading":{"type":"heading","settings":{"heading":"YOGASEREIN","heading_size":"h1"}},"text":{"type":"text","settings":{"text":"<p>Nous nous engageons à <strong>sélectionner soigneusement nos articles pour ne vous proposer que des produits originaux <\/strong>répondant à un <strong>contrôle qualité strict.<\/strong><\/p>","text_style":"body"}},"button":{"type":"button","settings":{"button_label":"VOIR NOS PRODUITS","button_link":""}}},"block_order":["heading","text","button"],"settings":{"image":"shopify:\/\/shop_images\/incredible-balance-yoga-posing.jpg","height":"large","desktop_image_width":"large","layout":"text_first","desktop_content_position":"middle","desktop_content_alignment":"left","content_layout":"overlap","color_scheme":"background-2","mobile_content_alignment":"left","padding_top":0,"padding_bottom":0}},"rich-text":{"type":"rich-text","blocks":{"heading":{"type":"heading","settings":{"heading":"\"Notre Mission : Vous faire découvrir de nouveaux produits de qualité chaque jour pour mieux assouvir votre passion.\"","heading_size":"h1"}},"text":{"type":"text","settings":{"text":"<p>Marie  - Fondatrice de YogaSerein<\/p>"}}},"block_order":["heading","text"],"settings":{"color_scheme":"background-2","full_width":true,"padding_top":88,"padding_bottom":52}},"165059851062d785ec":{"type":"collection-list","disabled":true,"blocks":{"16505985107ae1fb50-0":{"type":"featured_collection","settings":{"collection":"bebe"}},"16505985107ae1fb50-1":{"type":"featured_collection","settings":{"collection":"bebe"}},"16505985107ae1fb50-2":{"type":"featured_collection","settings":{"collection":"bebe"}}},"block_order":["16505985107ae1fb50-0","16505985107ae1fb50-1","16505985107ae1fb50-2"],"settings":{"title":"Découvrez nos Collections","heading_size":"h1","image_ratio":"square","columns_desktop":3,"color_scheme":"background-1","show_view_all":false,"columns_mobile":"1","swipe_on_mobile":false,"padding_top":36,"padding_bottom":36}},"1650598403eec09ad4":{"type":"slideshow","blocks":{"1650598402b2a3833e-0":{"type":"slide","settings":{"image":"shopify:\/\/shop_images\/tree-pose-yoga-in-nature.jpg","heading":"Nos Engagements","heading_size":"h1","subheading":"Soucieux de votre bonheur au quotidien, nous nous engageons à sélectionner soigneusement nos articles.","button_label":"Découvrez nos Produits","link":"","button_style_secondary":false,"box_align":"middle-center","show_text_box":true,"text_alignment":"center","image_overlay_opacity":0,"color_scheme":"background-1","text_alignment_mobile":"center"}},"1650598402b2a3833e-1":{"type":"slide","settings":{"image":"shopify:\/\/shop_images\/garudasana-pose-yoga.jpg","heading":"Notre Mission","heading_size":"h1","subheading":"Vous faire découvrir de nouveaux produits de qualité chaque jour pour mieux assouvir votre passion.","button_label":"Découvrez nos Produits","link":"shopify:\/\/products\/easybottle™-biberon-avec-cuillere-pour-nouveau-ne-bebe","button_style_secondary":false,"box_align":"middle-center","show_text_box":true,"text_alignment":"center","image_overlay_opacity":0,"color_scheme":"background-1","text_alignment_mobile":"center"}},"dc669697-7eae-4290-8759-b743b35e22fc":{"type":"slide","settings":{"image":"shopify:\/\/shop_images\/a-yoga-instructor-preforms-a-difficult-position.jpg","heading":"Ils nous ont fait Confiance","heading_size":"h1","subheading":"\"C'est ma 3ème commande et pas la dernière !\"","button_label":"Découvrez nos Produits","link":"shopify:\/\/collections\/all","button_style_secondary":false,"box_align":"middle-center","show_text_box":true,"text_alignment":"center","image_overlay_opacity":0,"color_scheme":"background-1","text_alignment_mobile":"center"}}},"block_order":["1650598402b2a3833e-0","1650598402b2a3833e-1","dc669697-7eae-4290-8759-b743b35e22fc"],"settings":{"layout":"full_bleed","slide_height":"adapt_image","slider_visual":"counter","auto_rotate":false,"change_slides_speed":5,"show_text_below":true,"accessibility_info":"Slideshow about our brand"}},"multicolumn":{"type":"multicolumn","blocks":{"column-0":{"type":"column","settings":{"image":"shopify:\/\/shop_images\/secure-payment.png","title":"PAIEMENT 100% SÉCURISÉ","text":"<p>Nous utilisons un système de cryptage au certificat SSL pour sécuriser à 100% les paiements selon les normes Françaises<\/p>","link_label":"","link":""}},"column-1":{"type":"column","settings":{"image":"shopify:\/\/shop_images\/delivery-truck.png","title":"LIVRAISON LA POSTE SUIVIE","text":"<p>Votre commande est expédiée en 24H\/48H via les services postaux Français et constamment suivie par notre équipe.<\/p>","link_label":"","link":""}},"column-2":{"type":"column","settings":{"image":"shopify:\/\/shop_images\/product-delivery.png","title":"100% SATISFAIT OU REMBOURSÉ","text":"<p>Tous nos produits sont automatiquement garantis 100% satisfait ou remboursé pendant 30 jours.<\/p>","link_label":"","link":""}},"column-3":{"type":"column","settings":{"image":"shopify:\/\/shop_images\/female-services-support.png","title":"SUPPORT FRANÇAIS 7\/7J","text":"<p>Une Question ? Notre service client français vous répond sous 24h et cela 7 jours 7.<\/p>","link_label":"","link":""}}},"block_order":["column-0","column-1","column-2","column-3"],"settings":{"title":"","heading_size":"h2","image_width":"half","image_ratio":"adapt","columns_desktop":4,"column_alignment":"center","background_style":"none","button_label":"","button_link":"","color_scheme":"background-1","columns_mobile":"1","swipe_on_mobile":false,"padding_top":36,"padding_bottom":0}},"newsletter":{"type":"newsletter","blocks":{"heading":{"type":"heading","settings":{"heading":"REJOIGNEZ NOTRE LISTE VIP (-10%)","heading_size":"h1"}},"paragraph":{"type":"paragraph","settings":{"text":"<p>Je veux recevoir les offres & cadeaux exclusifs avant tout le monde! Vous pouvez vous désinscrire à tout moment.<\/p>"}},"email-form":{"type":"email_form","settings":{}}},"block_order":["heading","paragraph","email-form"],"settings":{"color_scheme":"background-2","full_width":true,"padding_top":68,"padding_bottom":52}}},"order":["image-with-text","rich-text","165059851062d785ec","1650598403eec09ad4","multicolumn","newsletter"]}