{"sections":{"main":{"type":"main-list-collections","settings":{"title":"Collections","sort":"alphabetical","image_ratio":"square","columns_desktop":3,"columns_mobile":"2"}},"newsletter":{"type":"newsletter","blocks":{"heading":{"type":"heading","settings":{"heading":"Rejoignez notre Liste VIP","heading_size":"h1"}},"paragraph":{"type":"paragraph","settings":{"text":"<p>Rejoignez notre liste VIP et recevez des offres exclusives et les dernières nouvelles.<\/p>"}},"email-form":{"type":"email_form","settings":{}}},"block_order":["heading","paragraph","email-form"],"settings":{"color_scheme":"background-2","full_width":true,"padding_top":68,"padding_bottom":52}}},"order":["main","newsletter"]}