{"sections":{"main":{"type":"main-page","settings":{"padding_top":36,"padding_bottom":36}},"newsletter":{"type":"newsletter","blocks":{"heading":{"type":"heading","settings":{"heading":"Rejoignez notre Liste VIP","heading_size":"h1"}},"paragraph":{"type":"paragraph","settings":{"text":"<p>Join our email list for exclusive offers and the latest news. <\/p>"}},"email-form":{"type":"email_form","settings":{}}},"block_order":["heading","paragraph","email-form"],"settings":{"color_scheme":"background-2","full_width":true,"padding_top":68,"padding_bottom":52}}},"order":["main","newsletter"]}