{"sections":{"main":{"type":"main-product","blocks":{"vendor":{"type":"text","disabled":true,"settings":{"text":"{{ product.vendor }}","text_style":"uppercase"}},"title":{"type":"title","settings":{}},"caption":{"type":"text","disabled":true,"settings":{"text":"{{ product.metafields.descriptors.subtitle.value }}","text_style":"subtitle"}},"price":{"type":"price","settings":{}},"variant_picker":{"type":"variant_picker","settings":{"picker_type":"button"}},"quantity_selector":{"type":"quantity_selector","settings":{}},"buy_buttons":{"type":"buy_buttons","settings":{"show_dynamic_checkout":false}},"description":{"type":"description","settings":{}},"share":{"type":"share","disabled":true,"settings":{"share_label":"Share"}},"collapsible-content-0":{"type":"collapsible_tab","disabled":true,"settings":{"heading":"Ingredients","icon":"plant","content":"","page":""}},"collapsible-content-1":{"type":"collapsible_tab","disabled":true,"settings":{"heading":"How to use","icon":"chat_bubble","content":"","page":""}},"collapsible-content-2":{"type":"collapsible_tab","disabled":true,"settings":{"heading":"Shipping","icon":"truck","content":"","page":""}},"collapsible-content-3":{"type":"collapsible_tab","disabled":true,"settings":{"heading":"Return policy","icon":"return","content":"","page":""}}},"block_order":["vendor","title","caption","price","variant_picker","quantity_selector","buy_buttons","description","share","collapsible-content-0","collapsible-content-1","collapsible-content-2","collapsible-content-3"],"settings":{"enable_sticky_info":true,"gallery_layout":"stacked","media_size":"medium","mobile_thumbnails":"hide","hide_variants":false,"enable_video_looping":false,"padding_top":24,"padding_bottom":60}},"rich-text":{"type":"rich-text","blocks":{"heading":{"type":"heading","settings":{"heading":"\"Notre Mission : Vous faire découvrir de nouveaux produits de qualité chaque jour pour mieux assouvir votre passion.\"","heading_size":"h1"}},"text":{"type":"text","settings":{"text":"<p>Marie Jeanne - Fondatrice de MesBabys<\/p>"}}},"block_order":["heading","text"],"settings":{"color_scheme":"background-2","full_width":true,"padding_top":60,"padding_bottom":72}},"multicolumn":{"type":"multicolumn","blocks":{"column-0":{"type":"column","settings":{"image":"shopify:\/\/shop_images\/secure-payment.png","title":"PAIEMENT 100% SÉCURISÉ","text":"<p>Parce que nous prenons la sécurité de nos clients très au sérieux, toutes nos transactions sont 100% sécurisées selon les normes Françaises.<\/p>","link_label":"","link":""}},"column-1":{"type":"column","settings":{"image":"shopify:\/\/shop_images\/delivery-truck.png","title":"LIVRAISON SUIVIE GARANTIE","text":"<p>Sûr et rapide, votre commande est suivie et transportée par les services postaux Français.<\/p>","link_label":"","link":""}},"column-2":{"type":"column","settings":{"image":"shopify:\/\/shop_images\/product-delivery.png","title":"100% SATISFAIT OU REMBOURSÉ","text":"<p>Si pour une quelconque raison vous n’êtes pas satisfait de votre commande, nous vous remboursons pendant 30 jours.<\/p>","link_label":"","link":""}},"column-3":{"type":"column","settings":{"image":"shopify:\/\/shop_images\/female-services-support.png","title":"SUPPORT FRANÇAIS 7\/7J","text":"<p>Besoin d’aide ? Nous restons joignable 7 jours sur 7 et vous répondons sous 24h.<\/p>","link_label":"","link":""}}},"block_order":["column-0","column-1","column-2","column-3"],"settings":{"title":"","heading_size":"h1","image_width":"half","image_ratio":"adapt","columns_desktop":4,"column_alignment":"center","background_style":"none","button_label":"","button_link":"","color_scheme":"background-1","columns_mobile":"1","swipe_on_mobile":false,"padding_top":52,"padding_bottom":0}},"main-product-recommendations":{"type":"product-recommendations","settings":{"heading":"PRODUITS RECOMMANDÉS","heading_size":"h2","products_to_show":4,"columns_desktop":4,"color_scheme":"background-1","image_ratio":"adapt","show_secondary_image":false,"show_vendor":false,"show_rating":false,"columns_mobile":"2","padding_top":36,"padding_bottom":24}},"newsletter":{"type":"newsletter","blocks":{"heading":{"type":"heading","settings":{"heading":"Rejoignez notre Liste VIP","heading_size":"h1"}},"paragraph":{"type":"paragraph","settings":{"text":"<p>Rejoignez notre liste VIP et recevez des offres exclusives et les dernières nouvelles.<\/p>"}},"email-form":{"type":"email_form","settings":{}}},"block_order":["heading","paragraph","email-form"],"settings":{"color_scheme":"background-2","full_width":true,"padding_top":68,"padding_bottom":52}}},"order":["main","rich-text","multicolumn","main-product-recommendations","newsletter"]}